text,intent,escalation_required,language_style,difficulty,scenario_type,notes,tags
I was upset but I don't need anyone to reach out.,complaint,false,,,,bulk addition,"[""hard_negative_escalation""]"
I love your platform but I need help understanding the features.,product_question,false,,,,multi-intent example,"[""multi_intent""]"
Too expensive,pricing,false,,,,bulk addition 5,"[""standard""]"
Mujhe refund chahiye aur account bhi close karna hai.,refund,true,,,,v3 bulk multi hinglish,"[""multi_intent"", ""hinglish""]"
App crash ho raha hai file upload karte waqt.,technical_support,false,,,,hinglish technical support,"[""hinglish""]"
my notifcations arnt workin,technical_support,false,,,,v3 noisy,"[""noisy""]"
Refund nahi chahiye mujhe. Service do sahi se.,technical_support,true,,,,v3 bulk negation,"[""negation"", ""hinglish""]"
Mujhe annual plan lena hai. Discount do.,sales,false,,,,hinglish example,"[""hinglish""]"
i wnt my subscripn canld immeditly,sales,false,,,,v4 noisy,"[""noisy""]"
my accnt got hakd help me plz,account_issue,true,,,,v3 noisy,"[""noisy""]"
Beep boop I am a robot.,other,false,,,,bulk addition 2,"[""standard""]"
Where can I find documentation about data export?,general_question,false,,,,bulk addition 4,"[""standard""]"
why is this app so slo,technical_support,false,,,,spelling/noisy text,"[""noisy""]"
Mujhe ek real person se baat karni hai.,human_request,true,,,,hinglish human request,"[""hinglish"", ""escalation_positive"", ""human_request""]"
I expressly forbid any escalation of this matter.,general_question,false,,,,v3 negation,"[""negation""]"
Can you help me fix My workflow automation?,technical_support,false,,,,v3 bulk tech,"[""standard"", ""technical""]"
Please don't make a big deal out of this. Simple question.,general_question,false,,,,v3 bulk esc-,"[""hard_negative_escalation""]"
Push notifications aana band ho gaye.,technical_support,false,,,,hinglish technical support,"[""hinglish""]"
aapka pricing structure bahut complicated hai,pricing,false,,,,v3 bulk hinglish,"[""hinglish""]"
Does the platform have a dashboard?,product_question,false,,,,product feature question,"[""standard""]"
mera invoice download kaise kare,general_question,false,,,,,"[""hinglish""]"
cnt login to my acc,account_issue,false,,,,spelling/noisy text,"[""noisy""]"
mera account delete karne ke baad bhi charge aa raha hai,refund,true,,,,v3 bulk hinglish3,"[""hinglish""]"
Don't escalate this. I just want information.,general_question,false,,,,bulk addition,"[""hard_negative_escalation""]"
I'm both interested in buying and angry about my current plan.,sales,false,,,,bulk addition,"[""multi_intent""]"
ur pricin is way 2 high for what u offer,pricing,false,,,,bulk addition 2,"[""noisy""]"
aapne mujhe galat price quote kiya tha,pricing,false,,,,v4 hinglish,"[""hinglish""]"
I understand now. No need to call me.,general_question,false,,,,bulk addition 2,"[""hard_negative_escalation""]"
Do not process any changes to my account.,general_question,false,,,,v4 negation,"[""negation""]"
maine 2 bar pay kar diya ek refund karo,refund,true,,,,,"[""hinglish""]"
Sales team se baat karni hai aur price bhi confirm karna hai.,sales,false,,,,multi-intent example,"[""multi_intent""]"
Can I add 10 more seats to my account?,sales,false,,,,purchase intent,"[""standard"", ""sales""]"
Nothing to see here. Just a test message.,other,false,,,,v3 bulk esc-,"[""hard_negative_escalation""]"
the alignment tool is giving me trouble.,technical_support,false,,,,v3 bulk tech3,"[""standard"", ""technical""]"
my notifcations r broken fix plz,technical_support,false,,,,bulk addition 3,"[""noisy""]"
mera billing cycle change karo monthly se yearly,pricing,false,,,,,"[""hinglish""]"
You should be ashamed of this product quality.,complaint,false,,,,general complaint,"[""standard"", ""complaint""]"
mujhe aapki service se bahut help mili thanks,other,false,,,,v3 bulk hinglish,"[""hinglish""]"
Technical issue causing me to want a refund.,refund,true,,,,bulk addition 3,"[""multi_intent""]"
I was wrong about the issue. Everything actually works fine.,technical_support,false,,,,v3 bulk esc-,"[""hard_negative_escalation"", ""resolution_state""]"
We need 100 licenses for our organization.,sales,false,,,,purchase intent,"[""standard"", ""sales""]"
setup kaise hota hai?,general_question,false,,,,hinglish general question,"[""hinglish""]"
Account suspend ho gaya bina notification ke.,account_issue,false,,,,hinglish account issue,"[""hinglish""]"
I was angry about the billing error but it's corrected now,complaint,false,,,,v3 resolution,"[""resolution_state""]"
Mera payment successful hai but account active nahi.,technical_support,true,,,,bulk addition,"[""hinglish""]"
I have a sales inquiry but I'm also frustrated.,sales,false,,,,bulk addition 3,"[""confusion_pair""]"
Encountering problems with the grid view.,technical_support,false,,,,v3 bulk tech3,"[""standard"", ""technical""]"
LOL,other,false,,,,other / off-topic,"[""standard"", ""other""]"
ye software mobile par bhi chalega?,product_question,false,,,,hinglish product question,"[""hinglish""]"
Is there a one-time purchase option?,pricing,false,,,,bulk addition,"[""standard""]"
Please don't cancel my account. I want to keep it.,general_question,false,,,,v3 negation,"[""negation""]"
Don't need a human. Just wanted to leave a note.,other,false,,,,bulk addition 2,"[""hard_negative_escalation""]"
No escalation required. Simple question.,general_question,false,,,,bulk addition 2,"[""hard_negative_escalation""]"
kya aapke yaha GST invoice milta hai,pricing,false,,,,,"[""hinglish""]"
Aap logon ko koi farak nahi padta customers ka.,complaint,false,,,,hinglish complaint,"[""hinglish""]"
kya aapke yaha cashback milta hai,pricing,false,,,,,"[""hinglish""]"
What happens if I exceed my plan limit?,pricing,false,,,,bulk addition,"[""standard""]"
Mujhe koi call nahi chahiye. Bas email karo.,general_question,false,,,,v3 negation hinglish,"[""negation"", ""hinglish""]"
the app is crashin on my iphone,technical_support,false,,,,bulk addition 5,"[""noisy""]"
mujhe aapki company ke baare mein batao,general_question,false,,,,v3 bulk hinglish,"[""hinglish""]"
mujhe aapki service ka refund chahiye service achhi nahi hai,refund,true,,,,v3 bulk hinglish,"[""hinglish"", ""multi_intent""]"
i m lockd out of my acnt since 3 days,account_issue,true,,,,bulk addition 5,"[""noisy""]"
aapki service bahut achi hai lekin price zyada,pricing,false,,,,v3 bulk hinglish,"[""hinglish""]"
wher is the upgarde buton,product_question,false,,,,spelling/noisy text,"[""noisy""]"
I have a technical issue and I want to complain about it.,technical_support,false,,,,bulk addition,"[""multi_intent""]"
aapke yaha kya kya features hain batao,product_question,false,,,,,"[""hinglish""]"
aapki service se bahut satisfaction hai thank you,other,false,,,,v3 bulk hinglish3,"[""hinglish""]"
How much for white labeling?,pricing,false,,,,bulk addition 4,"[""standard""]"
ur chargin me rong amunt evry munth,pricing,true,,,,bulk addition 3,"[""noisy""]"
My account was accessed from an unknown device.,account_issue,true,,,,bulk addition 3,"[""standard""]"
What's the pricing for dedicated server?,pricing,false,,,,bulk addition 4,"[""standard""]"
i paid but my plan dint upgrade,account_issue,true,,,,bulk addition,"[""noisy""]"
I don't need anyone to intervene. Just wanted to let you know.,general_question,false,,,,v3 bulk esc-,"[""hard_negative_escalation""]"
How much for SSO integration?,pricing,false,,,,v3 bulk pricing,"[""standard"", ""pricing""]"
Not a complaint. Just an observation.,other,false,,,,v3 negation,"[""negation""]"
Is there a minimum user requirement?,pricing,false,,,,bulk addition 3,"[""standard""]"
Please do not process any refund. I was mistaken.,refund,false,,,,v3 esc hard neg,"[""hard_negative_escalation"", ""negation""]"
No refund needed. Just wanted to provide feedback.,complaint,false,,,,v3 negation,"[""negation""]"
Do not escalate this to anyone. Understand?,general_question,false,,,,v4 esc-,"[""hard_negative_escalation""]"
Is this support or sales?,general_question,false,,,,bulk addition 2,"[""confusion_pair""]"
The issue I had with login is resolved. Thanks!,account_issue,false,,,,v3 resolution,"[""resolution_state""]"
Does your platform automatically pause inactive accounts?,product_question,false,,,,v4 confusion,"[""confusion_pair""]"
my paymnt was deductd twice,refund,true,,,,spelling/noisy text,"[""noisy""]"
My access was restored. Thanks for the quick help.,account_issue,false,,,,v3 bulk resolution,"[""resolution_state""]"
i cnt acess my acount fr 3 days,account_issue,true,,,,spelling/noisy text,"[""noisy""]"
refnd my muney u scammers,refund,true,,,,v4 noisy,"[""noisy""]"
human do,human_request,true,,,,,"[""hinglish""]"
Aapki service band karni hai. Refund chahiye.,refund,true,,,,bulk addition 2,"[""hinglish""]"
kya aap WhatsApp support dete ho,general_question,false,,,,,"[""hinglish""]"
My payment failed yesterday but it's working now.,technical_support,false,,,,multi-intent example,"[""multi_intent""]"
I need someone to help me purchase.,sales,false,,,,bulk addition,"[""confusion_pair""]"
Can I automate workflows with your tool?,product_question,false,,,,product feature question,"[""standard""]"
Need technical help and want to speak to manager.,technical_support,true,,,,bulk addition 3,"[""multi_intent""]"
this sftware is usless,complaint,false,,,,v3 noisy,"[""noisy""]"
Can I use my own domain with your service?,product_question,false,,,,bulk addition 3,"[""standard""]"
Your platform is unreliable and frustrating.,complaint,false,,,,general complaint,"[""standard"", ""complaint""]"
How much for API access?,pricing,false,,,,v3 bulk pricing,"[""standard"", ""pricing""]"
Human se baat karni hai.,human_request,true,,,,hinglish human request,"[""hinglish"", ""escalation_positive"", ""human_request""]"
"I want to talk to a specialist, not a general agent.",human_request,true,,,,v3 balance,"[""standard""]"
I see you have three plans. How do they compare?,pricing,false,,,,pricing question,"[""standard"", ""pricing""]"
Where can I find documentation about performance monitoring?,general_question,false,,,,v3 bulk gq,"[""standard""]"
Maine payment kar diya hai. Activate karo.,sales,false,,,,hinglish sales,"[""hinglish""]"
Account inactive dikha raha hai despite payment.,account_issue,false,,,,hinglish account issue,"[""hinglish""]"
Aapki service bahut achi hai pehle se.,other,false,,,,bulk addition 3,"[""hinglish""]"
Pro plan ke liye sign up karo.,sales,false,,,,hinglish sales,"[""hinglish""]"
I want to talk to sales about custom requirements.,sales,false,,,,purchase intent,"[""standard"", ""sales""]"
Payment to gaya but account activate nahi hua.,technical_support,true,,,,bulk addition 5,"[""hinglish""]"
Does your product support real-time collaboration?,product_question,false,,,,confusion pair example,"[""confusion_pair""]"
I want to talk to a human about my refund.,refund,true,,,,multi-intent example,"[""multi_intent""]"
Bahut behtareen service thi pehle. Ab kya ho gaya?,complaint,false,,,,hinglish complaint,"[""hinglish""]"
Koi human agent se baat karwao.,human_request,true,,,,hinglish human request,"[""hinglish"", ""escalation_positive"", ""human_request""]"
Calendar sync stop ho gaya.,technical_support,false,,,,hinglish technical support,"[""hinglish""]"
kya mere data safe hai?,general_question,false,,,,general info question,"[""standard""]"
Human request hai but also my payment failed.,human_request,true,,,,multi-intent example,"[""multi_intent""]"
Do you offer a trial period?,general_question,false,,,,general info question,"[""standard""]"
Where can I find documentation about custom fields?,general_question,false,,,,v3 bulk gq,"[""standard""]"
the chat bot is not helpfl,complaint,false,,,,spelling/noisy text,"[""noisy""]"
i need a refnd 4 last mnth,refund,true,,,,v3 noisy,"[""noisy""]"
Can I customize the notification templates?,product_question,false,,,,v3 balance,"[""standard""]"
aapki team ka response time bahut acha hai,other,false,,,,v3 bulk hinglish3,"[""hinglish""]"
Can I change my display name?,general_question,false,,,,general info question,"[""standard""]"
Mujhe nahi chahiye refund. Bas policy batao.,refund,false,,,,hinglish example,"[""hinglish""]"
I'm very angry. I want to talk to someone right now.,human_request,true,,,,confusion pair example,"[""confusion_pair""]"
The template preview is broken after the latest update.,technical_support,false,,,,bulk addition 4,"[""standard""]"
Just a quick question. No follow up needed.,general_question,false,,,,bulk addition,"[""hard_negative_escalation""]"
Enterprise kitna hai?,pricing,false,,,,hinglish pricing,"[""hinglish""]"
Aapka customer support number kya hai?,general_question,false,,,,bulk addition 2,"[""hinglish""]"
I have a question about pricing and features.,pricing,false,,,,bulk addition 2,"[""multi_intent""]"
I explicitly asked you not to contact me. Just process the request.,general_question,false,,,,v3 esc hard neg,"[""hard_negative_escalation""]"
Your product is good but your support is terrible.,complaint,false,,,,bulk addition 2,"[""multi_intent""]"
Your product does not do what you claim it does.,complaint,false,,,,general complaint,"[""standard"", ""complaint""]"
y is ur app so slo on my fone,technical_support,false,,,,v3 bulk noisy,"[""noisy""]"
Mujhe demo chahiye sales team se.,sales,false,,,,bulk addition,"[""hinglish""]"
team members add karne ka kya process hai?,general_question,false,,,,hinglish general question,"[""hinglish""]"
y is ur customer suport so bad,complaint,false,,,,bulk addition 3,"[""noisy""]"
Can I use keyboard shortcuts?,product_question,false,,,,bulk addition 5,"[""standard""]"
Mera payment successful dikha raha hai but credits nahi aaye.,technical_support,true,,,,hinglish example,"[""hinglish""]"
Aapka product use karke bahut time ho gaya but update nahi aaya.,complaint,false,,,,hinglish example,"[""hinglish""]"
I want a real person to help me buy this.,sales,false,,,,confusion pair example,"[""confusion_pair""]"
Price batao premium plan ka?,pricing,false,,,,hinglish pricing,"[""hinglish""]"
I'll take legal action if I don't get my money back.,refund,true,,,,multi-intent example,"[""multi_intent""]"
Kya ye sales ke liye hai ya service ke liye?,general_question,false,,,,hinglish general question,"[""hinglish""]"
I need information about file organization.,general_question,false,,,,v3 bulk gq3,"[""standard""]"
Does the price include support?,pricing,false,,,,pricing question,"[""standard"", ""pricing""]"
Premium plan ka price kya hai?,pricing,false,,,,hinglish example,"[""hinglish""]"
Email delivery keeps failing.,technical_support,false,,,,v3 bulk tech,"[""standard"", ""technical""]"
Cool,other,false,,,,other / off-topic,"[""standard"", ""other""]"
Mujhe ek real insaan chahiye jo meri problem samjhe.,human_request,true,,,,hinglish human request,"[""hinglish"", ""escalation_positive"", ""human_request""]"
Mujhe custom features chahiye. Possible hai?,product_question,false,,,,bulk addition 5,"[""hinglish""]"
Let me talk to a manager. This is the third time I'm calling.,human_request,true,,,,multi-intent example,"[""multi_intent""]"
I know I sounded angry but I don't need any follow-up.,complaint,false,,,,v3 esc hard neg,"[""hard_negative_escalation""]"
kya webhook integration hai?,product_question,false,,,,hinglish product question,"[""hinglish""]"
Refund kab tak aayega? Paisa kat liya hai.,refund,true,,,,hinglish example,"[""hinglish""]"
Data export stopped working suddenly.,technical_support,false,,,,bulk addition 4,"[""standard""]"
Mujhe bulk users add karne hain. Kya limit hai?,product_question,false,,,,bulk addition,"[""hinglish""]"
Hinglish: price batao.,pricing,false,,,,v4 short,"[""hinglish""]"
Bot se koi fayda nahi. Human connect karo.,human_request,true,,,,hinglish human request,"[""hinglish"", ""escalation_positive"", ""human_request""]"
can smeone hlp me plzzz,general_question,false,,,,v3 noisy,"[""noisy""]"
Complaint about my account and I want to cancel.,account_issue,false,,,,bulk addition 3,"[""multi_intent""]"
my account is lokced help,account_issue,true,,,,spelling/noisy text,"[""noisy""]"
Customer service representative se baat karni hai.,human_request,true,,,,hinglish human request,"[""hinglish"", ""escalation_positive"", ""human_request""]"
Do you offer usage-based pricing?,pricing,false,,,,pricing question,"[""standard"", ""pricing""]"
Mera issue resolve ho gaya. Ticket close karo.,technical_support,false,,,,v3 esc hard neg hinglish,"[""hard_negative_escalation"", ""resolution_state"", ""hinglish""]"
Team add karne ka option kahan hai?,product_question,false,,,,bulk addition 3,"[""hinglish""]"
I demand a full refund including the setup and training fees.,refund,true,,,,v3 balance,"[""standard""]"
Koi mera account hack kar raha hai. Help karo.,account_issue,true,,,,hinglish example,"[""hinglish""]"
Mobile SDK provide karte ho aap?,product_question,false,,,,hinglish product question,"[""hinglish""]"
I get an error when using My workflow automation.,technical_support,false,,,,v3 bulk tech,"[""standard"", ""technical""]"
the updat broke everythin plz fix asap,technical_support,true,,,,bulk addition 2,"[""noisy""]"
Do you have a sandbox environment?,product_question,false,,,,bulk addition 2,"[""standard""]"
How do I set up email digests?,general_question,false,,,,v3 bulk gq2,"[""standard""]"
mera email spam folder mein ja raha hai,technical_support,false,,,,,"[""hinglish""]"
the app interface is not intuitive at all,complaint,false,,,,v3 bulk noisy3,"[""noisy""]"
I appreciate the help but I'm good now.,other,false,,,,bulk addition 3,"[""hard_negative_escalation""]"
Are there discounts for non-profits?,pricing,false,,,,bulk addition,"[""standard""]"
I'm very angry but I will just complain here.,complaint,false,,,,confusion pair example,"[""confusion_pair""]"
my dashbord is not loadin,technical_support,false,,,,v3 noisy,"[""noisy""]"
plan upgrade kaise kare?,general_question,false,,,,hinglish general question,"[""hinglish""]"
I found the answer myself. Close my ticket.,general_question,false,,,,bulk addition,"[""hard_negative_escalation""]"
The mobile app is broken after the latest update.,technical_support,false,,,,v3 bulk tech,"[""standard"", ""technical""]"
Password reset link kaam nahi kar raha.,account_issue,false,,,,hinglish account issue,"[""hinglish""]"
Do accounts merge karne hain.,account_issue,false,,,,hinglish account issue,"[""hinglish""]"
Can you explain the import tool?,general_question,false,,,,bulk addition 4,"[""standard""]"
mujhe aapki service ka demo chahiye,sales,false,,,,v3 bulk hinglish,"[""hinglish""]"
i cnt chang my email adres,account_issue,false,,,,v3 noisy,"[""noisy""]"
I found the config setting. Problem solved.,technical_support,false,,,,bulk addition 5,"[""hard_negative_escalation""]"
Hidden fees to nahi hain na?,pricing,false,,,,hinglish pricing,"[""hinglish""]"
Baar baar bot se baat kar ke thak gaya hu. Human karo.,human_request,true,,,,hinglish human request,"[""hinglish"", ""escalation_positive"", ""human_request""]"
i dont understnd the pricing,pricing,false,,,,spelling/noisy text,"[""noisy""]"
Aapki team ka response time bahut slow hai.,complaint,false,,,,hinglish example,"[""hinglish""]"
Mera annual plan lena hai. Process batao.,sales,false,,,,bulk addition 3,"[""hinglish""]"
The application is consuming too much memory.,technical_support,false,,,,technical issue,"[""standard"", ""technical""]"
How much for extra storage?,pricing,false,,,,v3 bulk pricing,"[""standard"", ""pricing""]"
This is just feedback. No action needed.,complaint,false,,,,bulk addition,"[""hard_negative_escalation""]"
I keep getting logged out automatically.,technical_support,false,,,,technical issue,"[""standard"", ""technical""]"
No need for any intervention. Just wanted to report a minor thing.,technical_support,false,,,,v3 bulk esc-3,"[""hard_negative_escalation""]"
my paymnt got deductd but i dnt see the features,technical_support,true,,,,v3 bulk noisy,"[""noisy""]"
I don't want to talk to a manager. You're fine.,general_question,false,,,,v3 negation,"[""negation""]"
This falls under complaint but also needs human intervention.,complaint,true,,,,bulk addition 3,"[""confusion_pair""]"
Your product broke and I want compensation.,refund,true,,,,bulk addition 2,"[""confusion_pair""]"
